{
    "samples": 208559,
    "features": 314,
    "best_params": {
        "learning_rate": 0.12003944758006706,
        "max_depth": 7,
        "subsample": 0.7577954704446003,
        "colsample_bytree": 0.8737176786630275,
        "min_child_weight": 12,
        "gamma": 0.09171474526169768,
        "lambda": 1.797522755588583,
        "alpha": 0.4319005702973277
    },
    "scale_pos_weight": 1.1193110368742616,
    "timestamp": 1774273341.2764478
}